"","testData.temp.name","testData.Churn","fitted.results"
"1","0011-IGKFF",1,1
"2","0013-MHZWF",0,0
"3","0014-BMAQU",0,0
"4","0019-EFAEP",0,0
"5","0020-INWCK",0,0
"6","0020-JDNXP",0,0
"7","0022-TCJCI",1,0
"8","0023-XUOPT",1,1
"9","0042-JVWOJ",0,0
"10","0042-RLHYP",0,0
"11","0048-LUMLS",0,0
"12","0052-YNYOT",0,0
"13","0056-EPFBG",0,0
"14","0060-FUALY",0,0
"15","0064-SUDOG",0,0
"16","0064-YIJGF",0,0
"17","0067-DKWBL",1,1
"18","0071-NDAFP",0,0
"19","0074-HDKDG",0,0
"20","0076-LVEPS",0,0
"21","0080-EMYVY",0,0
"22","0080-OROZO",0,0
"23","0089-IIQKO",0,0
"24","0093-EXYQL",0,0
"25","0093-XWZFY",1,0
"26","0094-OIFMO",1,1
"27","0096-FCPUF",0,0
"28","0100-DUVFC",0,0
"29","0112-QAWRZ",0,1
"30","0117-LFRMW",1,0
"31","0118-JPNOY",0,0
"32","0121-SNYRK",0,0
"33","0125-LZQXK",1,1
"34","0129-QMPDR",0,0
"35","0137-OCGAB",1,1
"36","0141-YEAYS",0,1
"37","0156-FVPTA",1,0
"38","0164-APGRB",0,0
"39","0191-EQUUH",0,0
"40","0193-ESZXP",1,0
"41","0196-JTUQI",0,1
"42","0197-PNKNK",0,0
"43","0203-HHYIJ",1,0
"44","0206-OYVOC",0,0
"45","0219-YTZUE",1,1
"46","0228-MAUWC",0,0
"47","0233-FTHAV",0,0
"48","0234-TEVTT",0,0
"49","0236-HFWSV",1,1
"50","0237-YFUTL",0,0
"51","0248-PGHBZ",0,0
"52","0257-ZESQC",1,0
"53","0269-XFESX",0,0
"54","0277-BKSQP",0,0
"55","0281-CNTZX",0,0
"56","0282-NVSJS",0,0
"57","0295-QVKPB",0,0
"58","0302-JOIVN",1,1
"59","0305-SQECB",0,0
"60","0314-TKOSI",0,0
"61","0315-LVCRK",0,1
"62","0318-QUUOB",1,1
"63","0322-CHQRU",1,1
"64","0324-BRPCJ",1,0
"65","0334-GDDSO",1,1
"66","0345-HKJVM",1,1
"67","0345-XMMUG",0,0
"68","0362-RAOQO",0,0
"69","0362-ZBZWJ",1,1
"70","0365-BZUWY",0,1
"71","0365-GXEZS",0,0
"72","0369-ZGOVK",0,0
"73","0373-AIVNJ",0,0
"74","0376-YMCJC",1,0
"75","0377-JBKKT",0,0
"76","0378-TOVMS",1,1
"77","0378-XSZPU",1,0
"78","0384-LPITE",0,0
"79","0384-RVBPI",0,0
"80","0396-YCHWO",0,0
"81","0397-ZXWQF",0,0
"82","0401-WDBXM",0,0
"83","0402-OAMEN",0,0
"84","0404-SWRVG",1,1
"85","0407-BDJKB",1,0
"86","0410-IPFTY",0,0
"87","0411-EZJZE",0,0
"88","0415-MOSGF",1,0
"89","0419-YAAPX",0,0
"90","0428-AXXLJ",0,0
"91","0431-APWVY",1,0
"92","0434-CSFON",0,1
"93","0439-IFYUN",0,0
"94","0440-MOGPM",0,0
"95","0440-QEXBZ",0,0
"96","0440-UEDAI",0,0
"97","0442-ZXKVS",0,0
"98","0454-OKRCT",0,0
"99","0463-TXOAK",0,0
"100","0468-YRPXN",0,0
"101","0471-ARVMX",0,0
"102","0479-HMSWA",0,0
"103","0480-KYJVA",0,0
"104","0486-HECZI",1,0
"105","0489-WMEMG",0,0
"106","0491-KAPQG",0,1
"107","0508-SQWPL",0,0
"108","0512-FLFDW",0,0
"109","0516-UXRMT",0,0
"110","0533-UCAAU",0,0
"111","0536-ACXIP",0,0
"112","0559-CKHUS",0,0
"113","0582-AVCLN",0,0
"114","0595-ITUDF",0,0
"115","0613-WUXUM",0,0
"116","0618-XWMSS",1,0
"117","0619-OLYUR",0,0
"118","0621-HJWXJ",0,0
"119","0623-EJQEG",0,0
"120","0634-SZPQA",1,0
"121","0637-YLETY",1,1
"122","0643-OKLRP",1,0
"123","0657-DOGUM",0,0
"124","0661-KBKPA",0,0
"125","0661-KQHNK",0,0
"126","0661-WCQNQ",0,0
"127","0666-UXTJO",0,1
"128","0667-NSRGI",0,0
"129","0670-ANMUU",0,0
"130","0674-DGMAQ",0,1
"131","0674-EYYZV",0,1
"132","0685-MLYYM",1,1
"133","0689-NKYLF",1,1
"134","0691-NIKRI",0,0
"135","0701-TJSEF",0,0
"136","0722-SVSFK",0,1
"137","0723-VSOBE",0,0
"138","0727-BNRLG",0,0
"139","0727-IWKVK",1,1
"140","0730-KOAVE",0,0
"141","0742-LAFQK",0,0
"142","0742-MOABM",1,0
"143","0750-EBAIU",0,0
"144","0754-UKWQP",1,1
"145","0772-GYEQQ",1,1
"146","0774-IFUVM",0,0
"147","0778-NELLA",1,0
"148","0781-LKXBR",1,1
"149","0788-DXBFY",0,0
"150","0793-TWELN",0,1
"151","0799-DDIHE",0,0
"152","0815-MFZGM",0,0
"153","0818-OCPZO",1,0
"154","0822-GAVAP",1,1
"155","0823-HSCDJ",1,0
"156","0824-VWDPO",0,0
"157","0827-ITJPH",0,0
"158","0835-JKADZ",0,0
"159","0842-IWYCP",0,0
"160","0843-WTBXE",1,0
"161","0847-HGRML",0,0
"162","0848-ZGQIJ",0,1
"163","0856-NAOES",0,0
"164","0859-YGKFW",0,0
"165","0867-LDTTC",0,0
"166","0868-VJRDR",0,0
"167","0870-VEMYL",1,0
"168","0871-URUWO",1,1
"169","0872-JCPIB",0,0
"170","0895-LNKRC",0,0
"171","0902-RFHOF",0,0
"172","0909-SDHNU",0,0
"173","0916-QOFDP",0,1
"174","0929-HYQEW",0,0
"175","0939-YAPAF",1,1
"176","0947-MUGVO",1,0
"177","0958-YHXGP",0,1
"178","0962-CQPWQ",0,0
"179","0963-ZBDRN",1,0
"180","0967-BMLBD",0,0
"181","0970-ETWGE",1,1
"182","0971-QIFJK",0,0
"183","0980-FEXWF",0,0
"184","1010-DIAUQ",1,1
"185","1015-JPFYW",0,0
"186","1024-GUALD",1,1
"187","1024-VRZHF",1,1
"188","1032-MAELW",0,0
"189","1035-IPQPU",0,0
"190","1041-RXHRA",1,0
"191","1047-NNCBF",0,0
"192","1077-HUUJM",0,1
"193","1085-LDWAM",0,0
"194","1089-XZWHH",0,0
"195","1090-PYKCI",0,0
"196","1093-YSWCA",0,0
"197","1097-FSPVW",0,0
"198","1098-KFQEC",0,0
"199","1099-GODLO",0,0
"200","1104-FEJAM",0,0
"201","1104-TNLZA",0,1
"202","1112-CUNAO",1,1
"203","1114-CENIM",1,0
"204","1121-QSIVB",0,0
"205","1122-YJBCS",0,0
"206","1125-SNVCK",0,0
"207","1131-ALZWV",0,0
"208","1131-QQZEB",0,0
"209","1131-SUEKT",0,0
"210","1133-KXCGE",0,0
"211","1134-YWTYF",0,0
"212","1150-WFARN",1,0
"213","1167-OYZJF",0,0
"214","1174-FGIFN",0,0
"215","1178-PZGAB",0,0
"216","1183-CANVH",0,0
"217","1215-FIGMP",0,0
"218","1216-BGTSP",0,0
"219","1216-JWVUX",0,0
"220","1217-VASWC",0,0
"221","1228-FZFRV",1,0
"222","1228-ZLNBX",0,0
"223","1236-WFCDV",1,0
"224","1251-KRREG",1,0
"225","1251-STYSZ",0,1
"226","1264-BYWMS",1,0
"227","1265-HVPZB",0,0
"228","1268-ASBGA",1,1
"229","1269-FOYWN",0,0
"230","1273-MTETI",1,1
"231","1282-IHQAC",0,0
"232","1291-CUOCY",0,0
"233","1293-BSEUN",0,0
"234","1301-LOPVR",0,0
"235","1304-BCCFO",0,0
"236","1304-SEGFY",0,0
"237","1306-RPWXZ",0,0
"238","1322-AGOQM",1,0
"239","1323-OOEPC",1,0
"240","1324-NLTJE",1,0
"241","1328-EUZHC",0,0
"242","1337-BOZWO",0,0
"243","1342-JPNKI",1,1
"244","1343-EHPYB",1,0
"245","1347-KTTTA",0,0
"246","1353-GHZOS",0,0
"247","1354-YZFNB",0,0
"248","1356-MKYSK",0,0
"249","1360-JYXKQ",0,0
"250","1360-RCYRT",0,0
"251","1360-XFJMR",0,0
"252","1370-GGAWX",0,0
"253","1371-DWPAZ",0,0
"254","1379-FRVEB",0,1
"255","1384-RCUXW",0,1
"256","1389-CXMLU",1,1
"257","1393-IMKZG",0,1
"258","1396-QWFBJ",1,0
"259","1406-PUQVY",0,1
"260","1409-PHXTF",0,0
"261","1414-YADCW",0,0
"262","1421-HCERK",0,0
"263","1428-GTBJJ",1,0
"264","1442-BQPVU",0,0
"265","1442-OKRJE",0,0
"266","1444-VVSGW",1,0
"267","1447-PJGGA",1,0
"268","1452-XRSJV",0,0
"269","1465-LNTLJ",0,0
"270","1469-LBJQJ",0,0
"271","1470-PSXNM",0,0
"272","1472-TNCWL",0,0
"273","1481-ZUWZA",1,0
"274","1482-OXZSY",0,0
"275","1496-GGSUK",1,1
"276","1501-SGHBW",1,0
"277","1508-DFXCU",0,1
"278","1522-VVDMG",1,1
"279","1535-VTJOQ",0,0
"280","1541-ETJZO",1,0
"281","1545-JFUML",0,0
"282","1548-FEHVL",0,0
"283","1550-LOAHA",1,0
"284","1552-AAGRX",0,0
"285","1555-DJEQW",1,0
"286","1564-HJUVY",0,0
"287","1576-PFZIW",0,0
"288","1579-KLYDT",1,1
"289","1580-BMCMR",0,0
"290","1597-FZREH",1,0
"291","1602-IJQQE",1,1
"292","1612-EOHDH",1,1
"293","1621-YNCJH",0,0
"294","1623-NLDOT",1,0
"295","1624-WOIWJ",1,0
"296","1625-JAIIY",1,0
"297","1626-ERCMM",1,1
"298","1628-BIZYP",0,1
"299","1635-NZATJ",0,0
"300","1636-NTNCO",0,1
"301","1644-IRKSF",1,0
"302","1658-BYGOY",1,1
"303","1660-HSOOQ",1,1
"304","1661-CZBAU",0,0
"305","1682-VCOIO",0,0
"306","1684-FLBGS",0,0
"307","1689-MRZQR",1,0
"308","1697-NVVGY",0,0
"309","1699-TLDLZ",0,0
"310","1702-CCFNJ",0,0
"311","1703-MGIAB",0,0
"312","1705-GUHPV",0,0
"313","1710-RCXUS",0,0
"314","1722-LDZJS",0,0
"315","1729-VLAZJ",0,0
"316","1741-WTPON",0,0
"317","1746-TGTWV",0,1
"318","1752-OZXFY",0,0
"319","1761-AEZZR",1,1
"320","1767-CJKBA",0,0
"321","1777-JYQPJ",0,1
"322","1785-BPHTP",0,0
"323","1794-HBQTJ",1,0
"324","1810-BOHSY",0,0
"325","1813-JLKWR",0,0
"326","1813-JYWTO",0,0
"327","1816-FLZDK",0,1
"328","1830-IPXVJ",0,0
"329","1832-PEUTS",0,0
"330","1834-ABKHQ",0,0
"331","1834-WULEG",0,0
"332","1839-FBNFR",0,0
"333","1845-CSBRZ",0,0
"334","1845-ZLLIG",0,0
"335","1853-UDXBW",1,1
"336","1855-AGAWH",0,0
"337","1862-QRWPE",0,0
"338","1867-BDVFH",1,1
"339","1867-TJHTS",0,0
"340","1899-VXWXM",1,0
"341","1910-FMXJM",0,0
"342","1929-ZCBHE",0,0
"343","1930-WNXSB",0,0
"344","1934-MKPXS",0,0
"345","1950-KSVVJ",0,0
"346","1963-SVUCV",1,1
"347","1964-SVLEA",0,0
"348","1987-AUELQ",0,0
"349","1998-VHJHK",0,0
"350","2004-OCQXK",1,1
"351","2018-QKYGT",0,1
"352","2027-FECZV",1,1
"353","2034-CGRHZ",1,1
"354","2034-GDRCN",1,1
"355","2037-SGXHH",1,0
"356","2045-BMBTJ",0,0
"357","2068-WWXQZ",0,0
"358","2070-XYMFH",0,0
"359","2074-GKOWZ",1,1
"360","2074-GUHPQ",0,1
"361","2075-PUEPR",0,0
"362","2080-CAZNM",0,1
"363","2091-MJTFX",1,0
"364","2108-GLPQB",0,0
"365","2108-YKQTY",1,0
"366","2114-MGINA",1,1
"367","2121-JAFOM",0,0
"368","2122-SZZZD",0,0
"369","2123-AGEEN",0,1
"370","2135-DQWAQ",0,1
"371","2135-RXIHG",1,1
"372","2137-DQMEV",0,0
"373","2143-LJULT",0,0
"374","2146-EGVDT",0,0
"375","2150-WLKUW",0,0
"376","2154-KVJFF",1,1
"377","2155-AMQRX",0,0
"378","2157-MXBJS",1,0
"379","2169-RRLFW",0,0
"380","2178-PMGCJ",0,0
"381","2188-SXWVT",0,0
"382","2203-GHNWN",0,0
"383","2205-LPVGL",0,0
"384","2207-NHRJK",1,0
"385","2207-OBZNX",1,0
"386","2207-QPJED",0,0
"387","2209-XADXF",0,1
"388","2223-GDSHL",0,0
"389","2227-JRSJX",0,0
"390","2229-DPMBI",0,0
"391","2232-DMLXU",1,0
"392","2235-DWLJU",0,1
"393","2239-CFOUJ",0,0
"394","2240-HSJQD",0,0
"395","2252-ISRNH",0,1
"396","2254-DLXRI",0,1
"397","2259-OUUSZ",0,0
"398","2265-CYWIV",1,1
"399","2270-CHBFN",0,0
"400","2272-QAGFO",1,1
"401","2272-UOINI",0,0
"402","2272-WUSPA",0,0
"403","2277-BKJKN",0,0
"404","2293-IJWPS",0,0
"405","2300-RQGOI",0,0
"406","2302-ANTDP",1,0
"407","2305-MRGLV",0,0
"408","2309-OSFEU",1,0
"409","2316-ESMLS",0,0
"410","2320-TZRRH",0,0
"411","2322-VCZHZ",0,0
"412","2325-WINES",0,0
"413","2325-ZUSFD",1,0
"414","2330-PQGDQ",0,0
"415","2333-KWEWW",0,0
"416","2338-BQEZT",0,0
"417","2344-JMOGN",1,1
"418","2346-DJQTB",0,0
"419","2347-WKKAE",0,0
"420","2348-KCJLT",0,0
"421","2362-IBOOY",1,1
"422","2364-UFROM",0,0
"423","2369-UAPKZ",1,1
"424","2371-JQHZZ",0,1
"425","2391-SOORI",1,0
"426","2403-BCASL",1,0
"427","2408-TZMJL",1,0
"428","2408-WITXK",1,0
"429","2432-TFSMK",0,0
"430","2434-EEVDB",0,0
"431","2436-QBZFP",0,0
"432","2458-EOMRE",0,0
"433","2460-FPSYH",1,0
"434","2462-XIIJB",1,1
"435","2474-BRUCM",1,0
"436","2475-MROZF",0,0
"437","2506-TNFCO",1,1
"438","2511-MORQY",0,0
"439","2533-QVMSK",1,0
"440","2546-KZAAT",0,0
"441","2558-BUOZZ",0,0
"442","2560-PPCHE",0,0
"443","2568-OIADY",1,1
"444","2569-WGERO",0,0
"445","2573-GYRUU",0,0
"446","2577-GVSIL",0,0
"447","2581-VKIRT",0,0
"448","2582-FFFZR",0,0
"449","2603-HVKCG",0,1
"450","2607-FBDFF",0,0
"451","2619-WFQWU",1,1
"452","2632-IVXVF",0,0
"453","2632-TACXW",0,0
"454","2639-UGMAZ",0,0
"455","2642-DTVCO",1,1
"456","2642-MAWLJ",0,0
"457","2645-QTLMB",1,1
"458","2650-GYRYL",0,0
"459","2656-TABEH",1,1
"460","2659-VXMWZ",1,0
"461","2660-EMUBI",1,1
"462","2664-XJZNO",0,0
"463","2665-NPTGL",0,1
"464","2672-TGEFF",0,0
"465","2673-CXQEU",0,0
"466","2674-MIAHT",0,1
"467","2674-MLXMN",0,0
"468","2675-DHUTR",0,0
"469","2680-XKKNJ",0,0
"470","2682-KEVRP",0,0
"471","2690-DVRVK",0,0
"472","2703-AMTUL",0,0
"473","2725-KXXWT",1,1
"474","2729-VNVAP",0,0
"475","2737-YNGYW",1,1
"476","2739-CACDQ",0,1
"477","2740-TVLFN",0,1
"478","2749-CTKAJ",0,0
"479","2773-OVBPK",0,0
"480","2775-SEFEE",0,0
"481","2782-JEEBU",0,0
"482","2796-UUZZO",0,0
"483","2799-TSLAG",0,0
"484","2801-NISEI",0,0
"485","2805-AUFQN",0,0
"486","2806-MLNTI",0,0
"487","2810-FTLEM",1,0
"488","2826-DXLQO",0,0
"489","2826-UWHIS",0,0
"490","2832-KJCRD",0,0
"491","2834-SPCJV",1,0
"492","2840-XANRC",1,1
"493","2842-JTCCU",1,0
"494","2845-AFFTX",1,1
"495","2851-STERV",0,0
"496","2856-HYAPG",1,1
"497","2858-MOFSQ",1,0
"498","2862-PFNIK",0,1
"499","2865-TCHJW",1,1
"500","2869-ADAWR",1,0
"501","2878-DHMIN",0,0
"502","2886-KEFUM",1,0
"503","2887-JPYLU",0,0
"504","2896-TBNBE",0,0
"505","2897-DOVND",0,1
"506","2900-PHPLN",0,0
"507","2904-GGUAZ",0,0
"508","2908-WGAXL",0,0
"509","2920-RNCEZ",0,1
"510","2924-KHUVI",0,0
"511","2931-VUVJN",0,0
"512","2951-QOQTK",1,1
"513","2955-BJZHG",1,0
"514","2956-GGUCQ",1,0
"515","2959-MJHIC",1,1
"516","2960-NKRSO",0,0
"517","2969-VAPYH",0,0
"518","2969-WGHQO",0,0
"519","2971-SGAFL",0,0
"520","2972-YDYUW",0,0
"521","2984-MIIZL",1,1
"522","2985-JUUBZ",0,0
"523","2988-QRAJY",0,0
"524","2995-YWTCD",0,0
"525","3002-WQZWT",0,0
"526","3005-NFMTA",1,0
"527","3022-BEXHZ",0,0
"528","3027-ZTDHO",1,1
"529","3045-XETSH",1,1
"530","3049-NDXFL",1,1
"531","3058-WQDRE",0,0
"532","3063-QFSZL",1,1
"533","3066-RRJIO",1,1
"534","3070-FNFZQ",0,0
"535","3082-VQXNH",0,0
"536","3090-LETTY",0,0
"537","3094-JOJAI",0,0
"538","3096-WPXBT",0,0
"539","3097-IDVPU",0,0
"540","3104-OWCGK",1,0
"541","3115-JPJDD",0,0
"542","3125-RAHBV",0,0
"543","3128-YOVTD",0,0
"544","3129-AAQOU",0,0
"545","3132-TVFDZ",1,0
"546","3133-PZNSR",0,0
"547","3138-BKYAV",1,1
"548","3146-JTQHR",0,0
"549","3164-YAXFY",0,0
"550","3165-HDOEW",1,1
"551","3170-GWYKC",0,0
"552","3173-WSSUE",0,0
"553","3174-RKMOW",0,0
"554","3178-CIFOT",0,0
"555","3178-FESZO",1,1
"556","3186-BAXNB",1,1
"557","3192-NQECA",1,0
"558","3194-ORPIK",1,0
"559","3197-ARFOY",0,0
"560","3198-VELRD",1,1
"561","3199-XGZCY",0,1
"562","3221-CJMSG",0,0
"563","3223-WZWJM",1,1
"564","3230-WYKIR",1,0
"565","3234-VKACU",0,0
"566","3244-DCJWY",1,1
"567","3255-GRXMG",0,0
"568","3258-SANFR",0,0
"569","3284-SVCRO",0,0
"570","3285-UCQVC",1,0
"571","3292-PBZEJ",0,1
"572","3295-YVUSR",0,1
"573","3301-VKTGC",0,0
"574","3313-QKNKB",1,0
"575","3316-UWXUY",0,0
"576","3331-HQDTW",1,0
"577","3346-BRMIS",1,0
"578","3347-YJZZE",0,0
"579","3351-NQLDI",1,0
"580","3352-ALMCK",0,0
"581","3354-OADJP",0,0
"582","3359-DSRKA",0,0
"583","3363-DTIVD",0,0
"584","3372-CDXFJ",0,0
"585","3373-DIUUN",0,0
"586","3384-CTMSF",0,1
"587","3398-FSHON",1,1
"588","3398-ZOUAA",1,0
"589","3407-JMJQQ",0,0
"590","3410-MHHUM",0,0
"591","3413-BMNZE",0,1
"592","3413-CSSTH",0,0
"593","3422-GALYP",0,1
"594","3422-LYEPQ",1,1
"595","3428-XZMAZ",1,1
"596","3439-GVUSX",0,1
"597","3451-VAWLI",0,0
"598","3452-FLHYD",0,0
"599","3453-RTHJQ",0,1
"600","3454-JFUBC",0,0
"601","3466-WAESX",0,0
"602","3468-DRVQJ",0,0
"603","3481-JHUZH",0,0
"604","3482-ABPKK",0,0
"605","3486-NPGST",0,0
"606","3488-PGMQJ",1,1
"607","3494-JCHRQ",1,1
"608","3503-TYDAY",0,0
"609","3507-GASNP",0,0
"610","3508-CFVZL",0,0
"611","3511-APPBJ",0,0
"612","3519-ZKXGG",1,1
"613","3520-FJGCV",0,0
"614","3521-HTQTV",0,0
"615","3537-HPKQT",0,0
"616","3538-WZPHD",1,1
"617","3540-RZJYU",1,0
"618","3545-CNWRG",0,1
"619","3547-LQRIK",0,0
"620","3565-UNOCC",1,1
"621","3569-EDBPQ",0,0
"622","3580-REOAC",1,0
"623","3583-KRKMD",0,0
"624","3585-YNADK",0,0
"625","3597-YASZG",0,0
"626","3604-WLABM",0,0
"627","3606-SBKRY",0,0
"628","3612-YUNGG",0,0
"629","3617-XLSGQ",0,0
"630","3620-MWJNE",0,0
"631","3621-CHYVB",0,0
"632","3629-WEAAM",0,0
"633","3638-DIMPH",0,0
"634","3640-JQGJG",0,0
"635","3640-PHQXK",1,1
"636","3642-BYHDO",0,0
"637","3644-QXEHN",0,1
"638","3656-TKRVZ",1,0
"639","3658-KIBGF",1,0
"640","3662-FXJFO",0,0
"641","3665-JATSN",0,0
"642","3671-SHRSP",1,1
"643","3685-YLCMQ",1,0
"644","3689-MOZGR",0,0
"645","3694-DELSO",0,0
"646","3705-PSNGL",1,0
"647","3707-GNWHM",1,1
"648","3716-BDVDB",1,1
"649","3727-OVPRY",0,0
"650","3727-RJMEO",1,1
"651","3729-OWRVL",0,0
"652","3737-GCSPV",1,1
"653","3740-RLMVT",0,0
"654","3750-CKVKH",1,1
"655","3761-FLYZI",0,0
"656","3764-MNMOI",0,0
"657","3765-JXVKY",1,1
"658","3769-MHZNV",0,0
"659","3774-VBNXY",0,0
"660","3777-XROBG",0,0
"661","3780-YVMFA",0,0
"662","3791-LGQCY",1,0
"663","3798-EPWRR",0,1
"664","3800-LYTRK",0,0
"665","3801-HMYNL",1,1
"666","3806-DXQOM",1,0
"667","3808-HFKDE",0,0
"668","3814-MLAXC",1,0
"669","3838-OZURD",1,0
"670","3841-NFECX",0,0
"671","3842-IYKUE",1,0
"672","3855-ONCAR",0,1
"673","3858-VOBET",1,0
"674","3863-IUBJR",1,0
"675","3863-QSTYI",0,0
"676","3865-YIOTT",0,0
"677","3866-MDTUB",1,0
"678","3870-SPZSI",0,0
"679","3871-IKPYH",1,1
"680","3873-NFTGI",0,0
"681","3873-WOSBC",0,0
"682","3887-PBQAO",0,0
"683","3896-RCYYE",0,0
"684","3902-FOIGH",1,1
"685","3915-ODIYG",0,0
"686","3923-CSIHK",1,0
"687","3932-IJWDZ",0,0
"688","3941-XTSKM",0,0
"689","3943-KDREE",1,0
"690","3946-MHCZW",1,0
"691","3948-XHGNA",1,0
"692","3956-CJUST",0,0
"693","3957-LXOLK",1,1
"694","3957-SQXML",0,0
"695","3961-SXAXY",0,1
"696","3967-VQOGC",0,0
"697","3970-XGJDU",0,0
"698","3976-BWUCK",1,0
"699","3976-HXHCE",0,0
"700","3982-JGSFD",0,0
"701","3987-KQDDU",0,0
"702","3990-QYKBE",1,0
"703","3999-WRNGR",0,0
"704","4011-ARPHK",0,0
"705","4012-ZTHBR",0,0
"706","4013-UBXWQ",1,0
"707","4065-JJAVA",0,0
"708","4086-ATNFV",0,0
"709","4088-YLDSU",1,0
"710","4092-OFQZS",0,0
"711","4094-NSEDU",1,1
"712","4098-NAUKP",0,0
"713","4102-OQUPX",1,1
"714","4104-PVRPS",0,0
"715","4106-HADHQ",1,0
"716","4123-FCVCB",0,0
"717","4143-OOBWZ",1,1
"718","4163-HFTUK",0,0
"719","4163-NCJAK",0,0
"720","4176-FXYBO",0,0
"721","4177-JPDFU",0,0
"722","4183-WCSEP",1,0
"723","4184-VODJZ",0,0
"724","4188-FRABG",0,0
"725","4192-GORJT",1,1
"726","4194-WHFCB",0,0
"727","4195-PNGZS",0,0
"728","4220-TINQT",0,0
"729","4236-XPXAV",1,1
"730","4237-RLAQD",1,1
"731","4238-HFHSN",0,0
"732","4248-HCETZ",1,0
"733","4250-ZBWLV",1,0
"734","4256-ZWTZI",0,0
"735","4274-DRSQT",0,0
"736","4277-PVRAN",1,1
"737","4282-ACRXS",0,0
"738","4285-GYRQC",1,1
"739","4291-YZODP",0,0
"740","4299-OPXEJ",0,0
"741","4304-TSPVK",0,0
"742","4307-KTUMW",1,0
"743","4312-KFRXN",0,0
"744","4316-XCSLJ",0,0
"745","4324-BZCKL",0,0
"746","4335-BSMJS",0,0
"747","4343-EJVQB",0,0
"748","4355-CVPVS",0,0
"749","4360-PNRQB",0,1
"750","4360-QRAVE",0,0
"751","4361-JEIVL",1,1
"752","4369-NYSCF",0,0
"753","4377-VDHYI",0,0
"754","4378-BZYFP",0,0
"755","4385-GZQXV",1,1
"756","4402-FTBXC",0,0
"757","4404-HIBDJ",1,0
"758","4419-UJMUS",0,0
"759","4423-JWZJN",0,0
"760","4423-YLHDV",1,0
"761","4424-TKOPW",1,1
"762","4431-EDMIQ",0,0
"763","4432-ADRLB",1,0
"764","4433-JCGCG",1,1
"765","4439-JMPMT",1,1
"766","4443-EMBNA",0,0
"767","4446-BZKHU",1,0
"768","4450-MDZFX",0,0
"769","4452-QIIEB",0,0
"770","4456-RHSNB",0,0
"771","4468-YDOVK",0,0
"772","4482-FTFFX",0,0
"773","4487-ZYJZK",0,0
"774","4501-UYKBC",0,0
"775","4501-VCPFK",0,0
"776","4503-BDXBD",1,0
"777","4508-OEBEY",0,0
"778","4510-HIMLV",1,1
"779","4513-CXYIX",0,0
"780","4514-GFCFI",1,1
"781","4518-FZBSX",0,0
"782","4521-YEEHE",0,1
"783","4522-AKYLR",0,0
"784","4523-WXCEF",1,0
"785","4531-AUZNK",0,0
"786","4536-PLEQY",0,1
"787","4544-RXFMG",0,0
"788","4546-FOKWR",0,1
"789","4547-FZJWE",0,0
"790","4547-KQRTM",1,1
"791","4549-ZDQYY",0,0
"792","4550-VBOFE",1,0
"793","4559-UWIHT",0,1
"794","4566-NECEV",0,1
"795","4567-AKPIA",0,0
"796","4572-DVCGN",1,1
"797","4581-LNWUM",0,0
"798","4585-HETAI",1,1
"799","4587-NUKOX",1,1
"800","4598-XLKNJ",1,1
"801","4611-ANLQC",0,0
"802","4612-THJBS",1,0
"803","4626-OZDTJ",0,0
"804","4628-WQCQQ",1,0
"805","4631-OACRM",1,1
"806","4635-EJYPD",0,0
"807","4636-QRJKY",1,1
"808","4641-FROLU",0,0
"809","4646-QZXTF",0,0
"810","4647-XXZAM",0,0
"811","4652-ODEVH",0,0
"812","4656-CAURT",0,0
"813","4659-NZRUF",1,0
"814","4676-MQUEA",0,0
"815","4683-WYDOU",0,0
"816","4686-UXDML",0,1
"817","4692-NNQRU",0,0
"818","4701-MLJPN",1,0
"819","4702-HDRKD",0,0
"820","4706-AXVKM",1,1
"821","4707-MAXGU",0,0
"822","4713-ZBURT",0,0
"823","4716-HHKQH",0,1
"824","4718-DHSMV",0,0
"825","4726-DLWQN",0,0
"826","4729-XKASR",1,1
"827","4735-BJKOU",0,0
"828","4747-LCAQL",0,0
"829","4749-OJKQU",0,1
"830","4759-PXTAN",0,0
"831","4770-UEZOX",0,1
"832","4774-HHGGS",0,0
"833","4779-ZGICK",0,0
"834","4785-QRJHC",1,0
"835","4795-KTRTH",1,1
"836","4803-AXVYP",1,0
"837","4806-DXQCE",0,0
"838","4815-TUMEQ",0,0
"839","4817-VYYWS",1,1
"840","4818-QIUFN",1,1
"841","4819-HJPIW",0,0
"842","4826-TZEVA",0,0
"843","4831-EOBFE",1,0
"844","4837-QUSFT",0,0
"845","4840-ORQXB",0,0
"846","4846-WHAFZ",1,1
"847","4853-OITSN",0,1
"848","4853-RULSV",1,0
"849","4873-ILOLJ",1,0
"850","4877-TSOFF",0,0
"851","4879-GZLFH",0,0
"852","4883-KCPZJ",0,0
"853","4884-ZTHVF",0,1
"854","4903-CNOZC",0,0
"855","4905-JEFDW",1,0
"856","4906-ZHGPK",0,0
"857","4908-XAXAY",0,0
"858","4910-GMJOT",1,1
"859","4913-EHYUI",1,0
"860","4918-FYJNT",0,0
"861","4918-QLLIW",1,0
"862","4925-LMHOK",1,0
"863","4926-UMJZD",0,0
"864","4927-WWOOZ",0,1
"865","4929-BSTRX",1,1
"866","4929-XIHVW",0,1
"867","4933-BSAIP",0,0
"868","4942-VZZOM",0,0
"869","4950-BDEUX",0,0
"870","4950-HKQTE",0,0
"871","4958-GZWIY",1,0
"872","4958-XCBDQ",1,1
"873","4959-JOSRX",1,0
"874","4971-PUYQO",1,0
"875","4983-CCWMC",0,1
"876","4988-IQIGL",1,1
"877","4990-ALDGW",0,0
"878","4998-IKFSE",0,0
"879","5003-OKNNK",0,0
"880","5006-MXVRN",0,0
"881","5016-IBERQ",0,0
"882","5016-LIPDW",0,0
"883","5022-KVDQT",0,1
"884","5027-QPKTE",1,1
"885","5054-IEXZT",1,1
"886","5055-BRMNE",0,0
"887","5055-MGMGF",0,0
"888","5057-RKGLH",0,0
"889","5060-TQUQN",0,0
"890","5061-PBXFW",0,0
"891","5062-CJJKH",0,0
"892","5087-SUURX",1,0
"893","5090-EMGTC",0,0
"894","5093-FEGLU",0,0
"895","5103-MHMHY",1,0
"896","5117-IFGPS",0,1
"897","5125-CNDSP",0,0
"898","5127-BZENZ",0,0
"899","5133-POWUA",0,1
"900","5133-VRSAB",0,0
"901","5136-KCKGI",1,0
"902","5146-YYFRZ",0,0
"903","5149-QYTTU",0,0
"904","5153-RTHKF",0,0
"905","5155-AZQPB",0,0
"906","5160-UXJED",0,0
"907","5161-UBZXI",0,0
"908","5168-MQQCA",0,0
"909","5168-MSWXT",0,1
"910","5171-EPLKN",0,0
"911","5172-RKOCB",0,0
"912","5174-ITUMV",0,0
"913","5175-AOBHI",1,0
"914","5176-LMJXE",0,0
"915","5192-EBGOV",1,1
"916","5195-KPUNQ",0,0
"917","5196-WPYOW",0,0
"918","5197-PYEPU",0,0
"919","5198-EFNBM",0,0
"920","5204-QZXPU",1,0
"921","5213-TWWJU",0,0
"922","5214-CHIWJ",0,0
"923","5216-WASFJ",0,1
"924","5222-IMUKT",0,0
"925","5228-EXCET",1,1
"926","5229-PRWKT",1,1
"927","5233-GEEAX",1,1
"928","5240-IJOQT",1,1
"929","5243-SAOTC",0,0
"930","5261-QSHQM",1,1
"931","5271-DBYSJ",0,1
"932","5281-BUZGT",1,0
"933","5294-IMHHT",0,0
"934","5295-PCJOO",1,0
"935","5296-BFCYD",0,0
"936","5297-MDOIR",0,0
"937","5304-EFJLP",0,0
"938","5307-UVGNB",0,0
"939","5311-IHLEI",0,0
"940","5312-TSZVC",0,0
"941","5315-CKEQK",0,0
"942","5324-KTGCG",0,0
"943","5337-IIWKZ",0,0
"944","5339-PXDVH",0,1
"945","5349-AZPEW",0,0
"946","5357-TZHPP",1,1
"947","5364-EVNIB",1,1
"948","5366-IJEQJ",1,1
"949","5375-XLDOF",0,0
"950","5378-IKEEG",1,1
"951","5383-MMTWC",1,1
"952","5402-HTOTQ",0,0
"953","5404-GGUKR",0,0
"954","5406-KGRMX",0,0
"955","5419-KLXBN",1,0
"956","5423-BHIXO",0,0
"957","5429-LWCMV",0,1
"958","5433-KYGHE",0,1
"959","5440-FLBQG",1,0
"960","5440-VHLUL",0,0
"961","5442-BHQNG",0,1
"962","5445-GLVOT",0,0
"963","5447-WZAFP",0,0
"964","5461-QKNTN",0,0
"965","5482-VXSXJ",0,0
"966","5495-GPSRW",0,0
"967","5498-IBWPI",0,0
"968","5499-ECUTN",0,0
"969","5515-AKOAJ",1,0
"970","5519-NPHVG",1,1
"971","5519-TEEUH",0,0
"972","5522-NYKPB",0,0
"973","5524-KHNJP",0,0
"974","5533-RJFTJ",0,0
"975","5536-RTPWK",1,0
"976","5536-SLHPM",1,0
"977","5539-TMZLF",1,1
"978","5543-QDCRY",0,0
"979","5546-QUERU",0,0
"980","5561-NWEVX",1,1
"981","5567-GZKQY",0,0
"982","5569-IDSEY",0,0
"983","5569-OUICF",1,1
"984","5572-ZDXHY",1,0
"985","5575-TPIZQ",0,0
"986","5590-ZSKRV",0,0
"987","5593-SUAOO",0,0
"988","5597-GLBUC",1,1
"989","5600-KTXFM",0,1
"990","5605-IYGFG",0,1
"991","5609-IMCGG",0,1
"992","5619-XZZKR",0,0
"993","5626-MGTUK",0,0
"994","5642-MHDQT",0,0
"995","5647-FXOTP",0,0
"996","5647-URDKA",0,0
"997","5649-ANRML",1,1
"998","5649-RXQTV",0,0
"999","5649-VUKMC",1,0
"1000","5651-CRHKQ",0,0
"1001","5651-WYIPH",0,0
"1002","5651-YLPRD",0,1
"1003","5666-CYCYZ",0,0
"1004","5671-UUNXD",0,0
"1005","5673-FSSMF",1,1
"1006","5693-PIPCS",0,0
"1007","5696-EXCYS",0,0
"1008","5701-YVSVF",0,1
"1009","5701-ZIKJE",0,0
"1010","5707-ORNDZ",1,0
"1011","5724-BIDBU",0,0
"1012","5730-DBDSI",0,0
"1013","5734-EJKXG",0,0
"1014","5747-PMBSQ",1,1
"1015","5760-FXFVO",0,1
"1016","5766-XQXMQ",1,0
"1017","5778-BVOFB",0,0
"1018","5781-BKHOP",0,0
"1019","5795-KTGUD",0,0
"1020","5797-APWZC",1,1
"1021","5834-ASPWA",1,1
"1022","5842-POCOP",1,1
"1023","5844-QVTAT",0,0
"1024","5845-BZZIB",0,0
"1025","5854-KSRBJ",0,0
"1026","5857-TYBCJ",0,0
"1027","5857-XRECV",0,0
"1028","5858-EAFCZ",0,0
"1029","5859-HZYLF",0,0
"1030","5872-OEQNH",0,0
"1031","5879-SESNB",0,1
"1032","5882-CMAZQ",0,0
"1033","5884-GCYMI",1,1
"1034","5887-IKKYO",0,0
"1035","5899-OUVKV",0,0
"1036","5902-WBLSE",0,0
"1037","5906-DVAPM",0,0
"1038","5909-ECHUI",1,1
"1039","5913-INRQV",0,0
"1040","5914-XRFQB",0,0
"1041","5915-DGNVC",0,0
"1042","5917-RYRMG",0,0
"1043","5921-NGYRH",0,0
"1044","5937-EORGB",0,1
"1045","5939-XAIXZ",0,0
"1046","5940-AHUHD",1,1
"1047","5945-AZYHT",0,0
"1048","5949-EBSQK",1,0
"1049","5949-HGVJL",0,0
"1050","5956-VKDTT",1,1
"1051","5966-EMAZU",0,0
"1052","5968-HYJRZ",0,0
"1053","5976-JCJRH",1,1
"1054","5977-CKHON",0,0
"1055","5981-ZVXOT",0,0
"1056","5982-FPVQN",0,0
"1057","5982-XMDEX",0,0
"1058","5985-TBABQ",0,0
"1059","5989-OMNJE",0,0
"1060","5995-OIGLP",1,0
"1061","5999-LCXAO",0,1
"1062","6000-UKLWI",0,0
"1063","6015-VVHHE",1,1
"1064","6023-YEBUP",1,1
"1065","6035-RIIOM",0,0
"1066","6047-SUHPR",0,0
"1067","6048-UWKAL",0,0
"1068","6061-GWWAV",0,0
"1069","6067-NGCEU",0,0
"1070","6072-NUQCB",0,0
"1071","6077-BDPXA",0,1
"1072","6080-LNESI",0,0
"1073","6088-BXMRG",0,1
"1074","6097-EQISJ",1,0
"1075","6100-FJZDG",0,0
"1076","6108-OQZDQ",1,1
"1077","6127-ISGTU",1,1
"1078","6127-IYJOZ",0,1
"1079","6133-OZILE",0,0
"1080","6137-MFAJN",0,0
"1081","6139-ZZRBQ",0,0
"1082","6142-VSJQO",1,0
"1083","6158-HDPXZ",0,1
"1084","6161-UUUTA",1,1
"1085","6169-PPETC",0,0
"1086","6173-GOLSU",0,0
"1087","6175-IRFIT",0,1
"1088","6178-KFNHS",1,1
"1089","6180-YBIQI",0,0
"1090","6188-UXBBR",0,0
"1091","6195-MELTI",0,0
"1092","6202-DYYFX",0,0
"1093","6207-WIOLX",1,0
"1094","6210-KBBPI",1,1
"1095","6223-DHJGV",0,0
"1096","6227-HWPWX",1,0
"1097","6234-PFPXL",0,0
"1098","6235-VDHOM",1,1
"1099","6240-EURKS",1,0
"1100","6242-MBHPK",0,1
"1101","6244-BESBM",0,0
"1102","6248-BSHKG",0,0
"1103","6253-WRFHY",0,0
"1104","6260-ONULR",0,0
"1105","6260-XLACS",0,0
"1106","6261-RCVNS",1,0
"1107","6265-SXWBU",0,0
"1108","6266-QHOJZ",0,0
"1109","6281-FKEWS",0,0
"1110","6284-AHOOQ",1,0
"1111","6284-KMNUF",0,0
"1112","6288-LBEAR",0,0
"1113","6292-TOSSS",0,0
"1114","6295-OSINB",0,0
"1115","6300-BWMJX",0,0
"1116","6311-UEUME",1,1
"1117","6317-YPKDH",1,1
"1118","6319-IEJWJ",1,0
"1119","6322-HRPFA",0,0
"1120","6328-ZPBGN",1,1
"1121","6330-JKLPC",1,1
"1122","6331-LWDTQ",1,0
"1123","6332-FBZRI",0,0
"1124","6339-YPSAH",0,1
"1125","6340-DACFT",0,0
"1126","6341-JVQGF",0,0
"1127","6344-SFJVH",0,0
"1128","6347-DCUIK",1,1
"1129","6349-JDHQP",0,0
"1130","6356-ELRKD",1,1
"1131","6357-JJPQT",0,1
"1132","6366-XIVKZ",0,0
"1133","6377-WHAOX",0,0
"1134","6383-ZTSIW",0,0
"1135","6390-DSAZX",1,1
"1136","6393-WRYZE",1,1
"1137","6397-JNZZG",1,0
"1138","6402-EJMWF",0,0
"1139","6402-SSEJG",0,0
"1140","6407-UTSLV",0,1
"1141","6425-JWTDV",0,0
"1142","6425-YQLLO",1,0
"1143","6434-TTGJP",0,0
"1144","6435-VWCCY",0,0
"1145","6457-USBER",1,1
"1146","6461-PPAXN",0,0
"1147","6463-HHXJR",0,0
"1148","6464-KEXXH",0,0
"1149","6474-FVJLC",1,1
"1150","6475-VHUIZ",0,0
"1151","6483-OATDN",0,0
"1152","6497-TILVL",0,0
"1153","6505-OZNPG",0,0
"1154","6507-DTJZV",0,0
"1155","6508-NJYRO",0,0
"1156","6510-UPNKS",0,0
"1157","6518-PPLMZ",0,0
"1158","6519-ZHPXP",0,0
"1159","6521-YYTYI",1,1
"1160","6532-YLWSI",1,0
"1161","6537-OTKMY",0,0
"1162","6551-GNYDG",0,1
"1163","6556-DBKZF",0,0
"1164","6572-ADKRS",0,0
"1165","6575-SUVOI",0,0
"1166","6576-FBXOJ",0,0
"1167","6584-VQMYT",0,0
"1168","6591-QGOYB",0,0
"1169","6599-RCLCJ",1,0
"1170","6614-YWYSC",0,0
"1171","6615-NGGZJ",1,1
"1172","6629-CZTTH",1,0
"1173","6629-LADHQ",0,0
"1174","6637-KYRCV",0,0
"1175","6650-BWFRT",0,0
"1176","6653-CBBOM",1,1
"1177","6663-JOCQO",0,0
"1178","6686-YPGHK",1,0
"1179","6688-UZPWD",1,1
"1180","6689-TCZHQ",1,1
"1181","6693-DJWTY",0,0
"1182","6693-FRIRW",0,0
"1183","6704-UTUKK",0,0
"1184","6713-OKOMC",0,0
"1185","6715-OFDBP",1,0
"1186","6719-OXYBR",0,0
"1187","6723-WSNTY",0,0
"1188","6725-TPKJO",0,0
"1189","6726-WEXXK",0,0
"1190","6728-DKUCO",0,0
"1191","6728-VOIFY",0,0
"1192","6729-GDNGC",0,0
"1193","6733-LRIZX",0,0
"1194","6734-FQAJX",0,0
"1195","6741-EGCBI",0,0
"1196","6749-UTDVX",0,0
"1197","6752-APNJL",0,0
"1198","6754-WKSHP",0,0
"1199","6771-XWBDM",1,0
"1200","6772-WFQRD",0,0
"1201","6789-HJBWG",0,0
"1202","6791-YBNAK",0,0
"1203","6797-UCJHZ",0,0
"1204","6804-GDMOI",1,0
"1205","6807-SIWJI",0,0
"1206","6810-VCAEX",0,0
"1207","6813-GZQCG",0,0
"1208","6818-WOBHJ",1,0
"1209","6821-JPCDC",0,0
"1210","6825-UYPFK",1,0
"1211","6828-HMKWP",0,0
"1212","6833-JMZYP",0,1
"1213","6837-HAEVO",0,0
"1214","6851-WEFYX",0,1
"1215","6857-TKDJV",0,0
"1216","6857-VWJDT",1,1
"1217","6861-XWTWQ",1,1
"1218","6865-JZNKO",0,0
"1219","6869-FGJJC",0,0
"1220","6873-UDNLD",0,0
"1221","6877-TJMBR",1,1
"1222","6888-SBYAI",0,0
"1223","6892-XPFPU",1,1
"1224","6897-UUBNU",0,0
"1225","6898-MDLZW",0,0
"1226","6899-PPEEA",1,1
"1227","6905-NIQIN",1,0
"1228","6907-NZZIJ",1,1
"1229","6910-HADCM",1,1
"1230","6921-OZMFH",0,0
"1231","6924-TDGMT",0,0
"1232","6933-FHBZC",0,0
"1233","6952-OMNWB",0,0
"1234","6960-HVYXR",1,1
"1235","6967-PEJLL",0,0
"1236","6980-CDGFC",0,0
"1237","6980-IMXXE",0,0
"1238","6987-XQSJT",1,0
"1239","6992-TKNYO",0,0
"1240","6993-YCOBK",0,0
"1241","6996-KNSML",1,1
"1242","7009-LGECI",0,0
"1243","7009-PCARS",0,0
"1244","7010-BRBUU",0,0
"1245","7011-CVEUC",0,0
"1246","7014-ZZXAW",0,0
"1247","7016-BPGEU",1,0
"1248","7017-VFHAY",0,0
"1249","7020-OZKXZ",0,0
"1250","7026-YMSBE",0,0
"1251","7029-IJEJK",0,0
"1252","7029-RPUAV",1,1
"1253","7030-FZTFM",0,0
"1254","7033-CLAMM",0,0
"1255","7036-TYDEC",0,0
"1256","7041-TXQJH",0,0
"1257","7054-LGEQW",1,0
"1258","7056-IMHCC",1,0
"1259","7064-FRRSW",0,0
"1260","7067-KSAZT",1,0
"1261","7074-STDCN",0,0
"1262","7089-XXAYG",0,0
"1263","7123-WQUHX",0,0
"1264","7126-RBHSD",0,0
"1265","7129-AZJDE",0,0
"1266","7130-CTCUS",0,0
"1267","7137-RYLPP",1,0
"1268","7142-HVGBG",1,1
"1269","7143-BQIBA",0,0
"1270","7153-CHRBV",0,0
"1271","7156-MHUGY",1,1
"1272","7173-TETGO",0,0
"1273","7181-BQYBV",1,1
"1274","7181-OQCUT",0,0
"1275","7184-LRUUR",0,0
"1276","7196-LIWRH",0,0
"1277","7203-OYKCT",0,0
"1278","7205-BAIAD",0,0
"1279","7216-KAOID",0,0
"1280","7225-CBZPL",0,1
"1281","7225-IILWY",0,0
"1282","7228-OMTPN",1,1
"1283","7228-PAQPD",0,0
"1284","7235-NXZCP",1,1
"1285","7240-ETPTR",1,0
"1286","7240-FQLHE",1,1
"1287","7242-QZLXF",1,1
"1288","7245-JMTTQ",0,0
"1289","7246-ZGQDF",0,1
"1290","7249-WBIYX",1,1
"1291","7251-XFOIL",0,0
"1292","7254-IQWOZ",1,1
"1293","7268-WNTCP",0,0
"1294","7269-JISCY",0,0
"1295","7271-AJDTL",0,0
"1296","7274-RTAPZ",1,1
"1297","7277-OZCGZ",0,0
"1298","7279-BUYWN",1,0
"1299","7284-BUYEC",0,0
"1300","7294-TMAOP",1,1
"1301","7295-JOMMD",1,1
"1302","7305-ZWMAJ",0,0
"1303","7311-MQJCH",0,0
"1304","7312-XSBAT",0,1
"1305","7318-EIVKO",0,0
"1306","7319-VENRZ",0,0
"1307","7319-ZNRTR",0,0
"1308","7325-ENZFI",0,0
"1309","7338-ERIVA",0,0
"1310","7339-POGZN",0,0
"1311","7351-KYHQH",0,0
"1312","7351-MHQVU",0,0
"1313","7353-YOWFP",0,0
"1314","7354-OIJLX",0,1
"1315","7363-QTBIW",0,1
"1316","7379-POKDZ",1,1
"1317","7384-GHBPI",1,1
"1318","7392-YYPYJ",0,1
"1319","7395-XWZOY",0,0
"1320","7398-SKNQZ",0,1
"1321","7401-RUBNK",0,0
"1322","7402-EYFXX",0,1
"1323","7402-PWYJJ",0,0
"1324","7409-KIUTL",1,1
"1325","7410-YTJIK",1,1
"1326","7421-ZLUPA",0,0
"1327","7426-GSWPO",0,0
"1328","7442-YGZFK",0,1
"1329","7449-HVPIV",0,0
"1330","7459-IMVYU",0,0
"1331","7469-LKBCI",0,0
"1332","7470-DYNOE",0,0
"1333","7470-MCQTK",1,0
"1334","7472-EQOAV",0,0
"1335","7479-NITWS",1,1
"1336","7480-SPLEF",0,0
"1337","7495-OOKFY",1,1
"1338","7502-BNYGS",0,0
"1339","7503-EPSZW",0,0
"1340","7503-QQRVF",1,0
"1341","7503-ZGUZJ",1,1
"1342","7504-UWHNB",0,0
"1343","7521-AFHAB",0,0
"1344","7526-BEZQB",1,1
"1345","7534-BFESC",1,0
"1346","7537-RBWEA",0,1
"1347","7560-QRBXH",0,0
"1348","7562-UXTPG",0,0
"1349","7563-BIUPC",1,1
"1350","7569-NMZYQ",0,0
"1351","7570-WELNY",0,0
"1352","7572-KPVKK",0,0
"1353","7576-JMYWV",0,0
"1354","7577-SWIFR",0,1
"1355","7587-AOVVU",0,0
"1356","7593-JNWRU",1,0
"1357","7594-LZNWR",0,0
"1358","7595-EHCDL",0,0
"1359","7595-EUIVN",1,1
"1360","7596-IIWYC",0,0
"1361","7598-UAASY",1,1
"1362","7599-FKVXZ",1,0
"1363","7601-GNDYK",0,0
"1364","7602-MVRMB",0,0
"1365","7605-SNLQG",0,0
"1366","7607-QKKTJ",0,0
"1367","7608-RGIRO",0,0
"1368","7611-YKYTC",0,0
"1369","7615-ESMYF",1,1
"1370","7619-ODSGN",1,0
"1371","7619-PLRLP",0,0
"1372","7625-XCQRH",1,1
"1373","7636-PEPNS",0,0
"1374","7638-QVMVY",1,1
"1375","7658-UYUQS",0,0
"1376","7660-HDPJV",1,1
"1377","7661-CPURM",0,0
"1378","7663-YJHSN",0,0
"1379","7663-ZTEGJ",0,0
"1380","7665-VIGUD",0,0
"1381","7666-WKRON",1,0
"1382","7669-LCRSD",0,0
"1383","7670-ZBPOQ",0,0
"1384","7673-BQGKU",0,0
"1385","7675-OZCZG",1,1
"1386","7677-SJJJK",0,0
"1387","7684-XSZIY",0,0
"1388","7691-XVTZH",0,0
"1389","7694-VLBWQ",1,0
"1390","7706-YLMQA",0,0
"1391","7711-GQBZC",0,0
"1392","7718-RXDGG",0,0
"1393","7722-CVFXN",0,0
"1394","7729-JTEEC",0,1
"1395","7729-XBTWX",0,0
"1396","7730-CLDSV",0,0
"1397","7730-IUTDZ",1,0
"1398","7733-UDMTP",0,0
"1399","7740-BTPUX",0,0
"1400","7746-AWNQW",0,0
"1401","7750-EYXWZ",0,0
"1402","7753-USQYQ",0,0
"1403","7754-IXRMC",0,0
"1404","7760-OYPDY",1,1
"1405","7766-CLTIC",0,0
"1406","7774-OJSXI",1,0
"1407","7776-QGYJC",0,0
"1408","7779-LGOVN",1,1
"1409","7783-YKGDV",1,1
"1410","7789-CRUVC",0,0
"1411","7795-CFOCW",0,0
"1412","7799-DSEWS",0,0
"1413","7811-JIVPF",0,0
"1414","7813-ZGGAW",0,1
"1415","7823-JSOAG",0,1
"1416","7825-ECJRF",1,0
"1417","7825-GKXMW",1,1
"1418","7839-NUIAA",0,0
"1419","7841-FCRQD",0,0
"1420","7854-EDSSA",1,0
"1421","7855-DIWPO",0,0
"1422","7856-GANIL",0,0
"1423","7872-BAAZR",0,0
"1424","7872-RDDLZ",0,0
"1425","7876-DNYAP",0,0
"1426","7901-HXJVA",0,0
"1427","7929-DMBCV",0,0
"1428","7931-PXHFC",1,0
"1429","7932-WPTDS",1,1
"1430","7945-HLKEA",0,0
"1431","7950-XWOVN",0,0
"1432","7951-QKZPL",1,0
"1433","7964-VEXDG",0,0
"1434","7978-DKUQH",0,0
"1435","7979-CORPM",1,0
"1436","7982-VCELR",0,0
"1437","7989-VCQOH",0,0
"1438","8000-REIQB",1,1
"1439","8008-ESFLK",0,0
"1440","8015-IHCGW",0,0
"1441","8017-UVSZU",0,0
"1442","8028-PNXHQ",0,0
"1443","8033-ATFAS",0,0
"1444","8040-MNRTF",0,1
"1445","8041-TMEID",0,0
"1446","8049-WJCLQ",0,0
"1447","8050-WYBND",0,0
"1448","8051-HJRLT",1,1
"1449","8058-INTPH",1,1
"1450","8058-JMEQO",1,1
"1451","8059-UDZFY",0,1
"1452","8062-YBDOE",1,1
"1453","8063-RJYNF",1,1
"1454","8064-RAVOH",0,1
"1455","8066-POXGX",1,0
"1456","8071-SBTRN",0,0
"1457","8087-LGYHQ",0,1
"1458","8098-TDCBU",0,0
"1459","8099-MZPUJ",0,0
"1460","8107-RZLNV",0,0
"1461","8120-JDCAM",0,1
"1462","8133-ANHHJ",0,0
"1463","8143-ETQTI",0,0
"1464","8164-OCKUJ",0,0
"1465","8173-RXAYP",0,0
"1466","8189-XRIKE",0,0
"1467","8200-KLNYW",0,0
"1468","8201-AAXCB",0,0
"1469","8216-AZUUZ",0,0
"1470","8217-QYOHV",0,0
"1471","8226-BXGES",0,0
"1472","8232-UTFOZ",0,0
"1473","8237-ULIXL",0,0
"1474","8265-HKSOW",0,0
"1475","8267-ZNYVZ",1,0
"1476","8280-MQRQN",1,1
"1477","8292-ITGYJ",0,0
"1478","8292-TYSPY",1,0
"1479","8294-UIMBA",0,0
"1480","8309-IEYJD",0,1
"1481","8314-DPQHL",0,0
"1482","8318-LCNBW",0,0
"1483","8325-QRPZR",0,1
"1484","8327-WKMIE",0,0
"1485","8331-ZXFOE",0,0
"1486","8332-OSJDW",0,0
"1487","8337-UPOAQ",1,1
"1488","8344-WFMFH",0,0
"1489","8361-LBRDI",0,0
"1490","8372-JUXUI",1,1
"1491","8375-KVTHK",0,0
"1492","8388-DMKAE",0,0
"1493","8395-ETZKQ",0,0
"1494","8397-MVTAZ",1,1
"1495","8399-YNDCH",1,0
"1496","8401-EMUWF",0,0
"1497","8406-LNMHF",0,0
"1498","8429-XIBUM",1,0
"1499","8430-TWCBX",0,0
"1500","8434-VGEQQ",0,0
"1501","8443-ZRDBZ",1,1
"1502","8450-JOVAH",1,0
"1503","8450-UYIBU",0,0
"1504","8454-AATJP",0,0
"1505","8455-HIRAQ",0,0
"1506","8464-EETCQ",0,0
"1507","8467-WYNSR",0,0
"1508","8480-PPONV",0,0
"1509","8486-AYEQH",0,1
"1510","8495-PRWFH",0,0
"1511","8498-XXGWA",0,0
"1512","8510-AWCXC",1,1
"1513","8510-BBWMU",0,0
"1514","8512-WIWYV",0,0
"1515","8513-OLYGY",0,0
"1516","8532-UEFWH",0,0
"1517","8544-JNBOX",0,0
"1518","8559-WNQZS",0,0
"1519","8565-CLBZW",1,0
"1520","8580-AECUZ",1,1
"1521","8582-KRHPJ",0,0
"1522","8584-KMVXD",0,1
"1523","8590-OHDIW",0,0
"1524","8592-PLTMQ",0,0
"1525","8593-WHYHV",1,1
"1526","8597-CWYHH",0,0
"1527","8603-IJWDN",1,1
"1528","8606-CIQUL",0,0
"1529","8606-OEGQZ",0,0
"1530","8612-GXIDD",0,0
"1531","8631-WUXGY",0,0
"1532","8634-CILSZ",1,0
"1533","8642-GVWRF",1,1
"1534","8644-XLFBW",1,1
"1535","8644-XYTSV",0,0
"1536","8647-SDTWQ",0,0
"1537","8648-PFRMP",0,0
"1538","8650-RHRKE",1,1
"1539","8659-IOOPU",0,0
"1540","8663-UPDGF",0,0
"1541","8671-KKKOS",0,0
"1542","8672-OAUPW",0,0
"1543","8679-LZBMD",0,0
"1544","8685-WHQPW",1,0
"1545","8687-BAFGU",0,1
"1546","8690-UPCZI",0,0
"1547","8696-JKZNU",1,1
"1548","8705-DWKTI",0,0
"1549","8705-WZCYL",0,1
"1550","8707-RMEZH",0,0
"1551","8714-CTZJW",0,1
"1552","8714-EUHJO",1,0
"1553","8718-PTMEZ",1,0
"1554","8735-DCXNF",0,0
"1555","8735-SDUFN",0,0
"1556","8738-JOKAR",0,0
"1557","8740-XLHDR",1,0
"1558","8741-LQOBK",0,0
"1559","8745-PVESG",0,0
"1560","8752-STIVR",1,1
"1561","8756-RDDLT",0,0
"1562","8761-NSOBC",1,0
"1563","8769-KKTPH",0,0
"1564","8775-CEBBJ",1,0
"1565","8778-LMWTJ",0,0
"1566","8779-QRDMV",1,1
"1567","8779-YIQQA",0,0
"1568","8780-IXSTS",1,1
"1569","8808-ELEHO",1,1
"1570","8816-VXNZD",1,1
"1571","8819-IMISP",0,1
"1572","8824-RWFXJ",1,0
"1573","8837-VVWLQ",1,1
"1574","8838-GPHZP",0,0
"1575","8849-PRIQJ",0,0
"1576","8851-RAGOV",0,0
"1577","8853-TZDGH",0,0
"1578","8857-CUPFQ",0,0
"1579","8868-GAGIO",0,0
"1580","8869-TORSS",1,0
"1581","8875-AKBYH",0,1
"1582","8879-ZKJOF",0,0
"1583","8883-GRDWQ",0,0
"1584","8884-FEEWR",0,0
"1585","8884-MRNSU",0,0
"1586","8898-KASCD",0,0
"1587","8901-HJXTF",1,0
"1588","8901-UPRHR",0,0
"1589","8905-IAZPF",0,0
"1590","8908-SLFCJ",0,0
"1591","8910-LEDAG",0,0
"1592","8917-SZTTJ",0,0
"1593","8920-NAVAY",0,0
"1594","8922-LIEGH",1,1
"1595","8937-RDTHP",1,1
"1596","8938-UMKPI",1,1
"1597","8946-BFWSG",0,0
"1598","8958-JPTRR",0,0
"1599","8966-OIQHG",0,0
"1600","8966-SNIZF",0,0
"1601","8972-HJWNV",1,1
"1602","8982-NHAVY",0,0
"1603","8984-EYLLL",0,0
"1604","8985-OOPOS",0,0
"1605","8992-JQYUN",1,1
"1606","8999-EXMNO",0,0
"1607","9003-CPATH",0,0
"1608","9013-AQORL",0,0
"1609","9026-LHEVG",0,0
"1610","9036-CSKBW",0,0
"1611","9039-RBEEE",1,0
"1612","9040-KZVWO",0,0
"1613","9054-FOWNV",0,0
"1614","9067-SQTNS",0,0
"1615","9070-BCKQP",0,0
"1616","9074-KGVOX",0,0
"1617","9087-EYCPR",0,0
"1618","9090-SGQXL",1,0
"1619","9102-IAYHT",1,1
"1620","9103-TCIHJ",1,0
"1621","9108-EQPNQ",0,0
"1622","9114-AAFQH",0,0
"1623","9121-PHQSR",0,1
"1624","9128-CPXKI",0,0
"1625","9135-HSWOC",0,0
"1626","9136-ALYBR",1,1
"1627","9137-UIYPG",0,0
"1628","9139-TWBAS",0,0
"1629","9142-KZXOP",0,0
"1630","9143-CANJF",0,0
"1631","9153-BTBVV",0,0
"1632","9163-GHAYE",0,0
"1633","9167-APMXZ",0,0
"1634","9168-INPSZ",0,0
"1635","9199-PWQVC",0,0
"1636","9206-GVPEQ",1,0
"1637","9207-ZPANB",0,0
"1638","9229-RQABD",0,0
"1639","9236-NDUCW",0,0
"1640","9239-GZHZE",0,0
"1641","9250-WYPLL",1,1
"1642","9251-AWQGT",0,0
"1643","9254-RBFON",1,0
"1644","9259-PACGQ",1,0
"1645","9269-CQOOL",1,0
"1646","9272-LSVYH",0,0
"1647","9274-CNFMO",1,1
"1648","9281-OFDMF",0,0
"1649","9283-LZQOH",1,1
"1650","9314-IJWSQ",0,1
"1651","9314-QDMDW",0,0
"1652","9323-HGFWY",0,0
"1653","9327-QSDED",0,0
"1654","9330-IJWIO",1,1
"1655","9332-GYWLO",0,0
"1656","9355-NPPFS",0,0
"1657","9356-AXGMP",0,0
"1658","9357-UJRUN",0,0
"1659","9362-MWODR",0,0
"1660","9365-CSLBQ",0,0
"1661","9378-FXTIZ",1,0
"1662","9388-ZEYVT",0,0
"1663","9391-DXGGG",0,0
"1664","9391-EOYLI",1,1
"1665","9392-XBGTD",0,0
"1666","9402-ROUMJ",0,0
"1667","9411-TPQQV",0,0
"1668","9415-DPEWS",1,0
"1669","9424-CMPOG",0,0
"1670","9432-VOFYX",0,0
"1671","9442-JTWDL",0,0
"1672","9451-LPGOO",1,1
"1673","9470-XCCEM",0,0
"1674","9474-PHLYD",1,0
"1675","9480-BQJEI",0,0
"1676","9483-GCPWE",0,0
"1677","9488-FYQAU",0,0
"1678","9488-HGMJH",1,1
"1679","9495-SKLKD",0,0
"1680","9498-FIMXL",0,0
"1681","9500-IWPXQ",0,0
"1682","9506-UXUSK",0,0
"1683","9508-ILZDG",0,0
"1684","9512-UIBFX",1,0
"1685","9513-DXHDA",0,0
"1686","9518-IMLHK",0,0
"1687","9518-RWHZL",1,0
"1688","9522-ZSINC",0,0
"1689","9526-JAWYF",1,0
"1690","9547-ITEFG",0,1
"1691","9554-DFKIC",0,0
"1692","9558-IHEZX",0,0
"1693","9565-AXSMR",0,0
"1694","9570-KYEUA",0,0
"1695","9571-EDEBV",0,0
"1696","9575-IWCAZ",0,0
"1697","9576-SYUHJ",0,0
"1698","9577-WJVCQ",0,0
"1699","9585-KKMFD",0,0
"1700","9591-YVTEB",0,0
"1701","9600-NAXZN",1,1
"1702","9605-WGJVW",0,1
"1703","9609-BENEA",0,0
"1704","9625-QNLUX",0,0
"1705","9626-WEQRM",0,0
"1706","9633-XQABV",0,1
"1707","9640-ZSLDC",0,0
"1708","9646-NMHXE",0,0
"1709","9647-ERGBE",1,1
"1710","9650-VBUOG",0,0
"1711","9651-GTSAQ",1,0
"1712","9661-ACXBS",1,0
"1713","9661-JALZV",0,0
"1714","9668-PUGNU",0,0
"1715","9680-NIAUV",0,0
"1716","9685-WKZGT",1,1
"1717","9691-HKOVS",0,0
"1718","9701-CDXHR",0,0
"1719","9702-AIUJO",0,0
"1720","9708-HPXWZ",0,1
"1721","9710-NJERN",0,0
"1722","9714-EDSUC",0,1
"1723","9715-SBVSU",0,0
"1724","9715-WZCLW",0,0
"1725","9717-QEBGU",0,1
"1726","9722-UJOJR",1,0
"1727","9732-KPKBW",1,1
"1728","9734-UYXQI",1,0
"1729","9734-YWGEX",1,1
"1730","9738-QLWTP",0,0
"1731","9741-YLNTD",0,1
"1732","9746-UGFAC",0,0
"1733","9763-GRSKD",0,0
"1734","9763-PDTKK",1,1
"1735","9764-REAFF",0,0
"1736","9767-FFLEM",0,0
"1737","9777-IQHWP",0,0
"1738","9777-WJJPR",0,0
"1739","9780-FKVVF",0,0
"1740","9787-XVQIU",1,1
"1741","9793-WECQC",0,0
"1742","9796-MVYXX",0,0
"1743","9798-OPFEM",0,0
"1744","9800-ONTFE",0,0
"1745","9800-OUIGR",0,0
"1746","9803-FTJCG",0,0
"1747","9828-QHFBK",0,0
"1748","9840-EFJQB",0,1
"1749","9844-FELAJ",0,0
"1750","9845-QOMAD",0,0
"1751","9848-JQJTX",0,0
"1752","9862-KJTYK",0,0
"1753","9866-OCCKE",0,0
"1754","9873-MNDKV",0,0
"1755","9874-QLCLH",1,1
"1756","9878-TNQGW",1,1
"1757","9904-EHEVJ",0,0
"1758","9919-KNPOO",0,1
"1759","9921-QFQUL",0,0
"1760","9921-ZVRHG",1,1
"1761","9924-JPRMC",0,0
"1762","9931-DCEZH",0,0
"1763","9938-EKRGF",0,0
"1764","9940-RHLFB",1,1
"1765","9943-VSZUV",0,0
"1766","9945-PSVIP",0,0
"1767","9947-OTFQU",1,0
"1768","9948-YPTDG",1,0
"1769","9955-QOPOY",0,0
"1770","9961-JBNMK",1,1
"1771","9964-WBQDJ",0,0
"1772","9972-EWRJS",0,0
"1773","9978-HYCIN",0,0
"1774","9992-RRAMN",1,1
